outlet_name,periode,total_revenue,partner_amount,broker_amount,difotoin_amount,transactions,avg_partner_pct,avg_broker_pct
ATLAS New Year's Eve 2025,2025-01,0,0.0,0.0,0.0,71,0.0,0.0
Aeon Deltamas - Entrance,2025-01,13740000,2748000.0,0.0,10992000.0,2746,17.2906045157,0.0
Aeon Deltamas - LED,2025-01,6160000,1232000.0,0.0,4928000.0,2468,18.7358184765,0.0
Aloha - PIK 2,2025-01,48322500,12080625.0,0.0,36241875.0,5739,20.6002787942,0.0
Ancol LB,2025-01,21987500,9894375.0,0.0,12093125.0,4858,39.4421572664,0.0
Ancol LB 2,2025-01,15115000,6801750.0,0.0,8313250.0,3408,40.0088028169,0.0
Ancol Point,2025-01,165000,74250.0,0.0,90750.0,258,45.0,0.0
Ayodya Resort,2025-01,717500,143500.0,0.0,574000.0,544,19.5588235294,0.0
Batavia PIK,2025-01,23322500,4664500.0,0.0,18658000.0,3115,17.0337078652,0.0
Beachwalk Mall Kuta - Gate,2025-01,27272500,8181750.0,1363625.0,17727125.0,3133,24.4557931695,4.0759655282
Beachwalk Vacation,2025-01,2505000,216000.0,0.0,2289000.0,45,9.1111111111,0.0
Buy Local Creative Zone by JXB,2025-01,11730000,2346000.0,0.0,9384000.0,2182,17.2685609533,0.0
Cove Pantai Indah Kapuk,2025-01,8345000,1669000.0,0.0,6676000.0,1420,17.2816901408,0.0
DIM 2025 - 1,2025-01,10230000,2046000.0,0.0,8184000.0,1026,14.6393762183,0.0
DIM 2025 - 2,2025-01,8200000,1640000.0,0.0,6560000.0,908,14.889867841400001,0.0
DWKOM Menara Astra,2025-01,0,0.0,0.0,0.0,1530,0.0,0.0
Discovery Mall Icon,2025-01,16940000,4235000.0,0.0,12705000.0,2233,19.7716077026,0.0
Florawisata D'Castello,2025-01,15635000,4690500.0,0.0,10944500.0,2967,24.9848331648,0.0
Freelance,2025-01,96,0.0,0.0,96.0,150,0.0,0.0
Freelance Vacation,2025-01,14,0.0,0.0,14.0,4,0.0,0.0
GWK Vacation,2025-01,360009,252006.3,0.0,108002.7,11,70.0,0.0
Gathering PT Transportasi Jakarta,2025-01,0,0.0,0.0,0.0,8,0.0,0.0
Grand Puncak Sari,2025-01,12500,3750.0,0.0,8750.0,1,30.0,0.0
HeHa Sky View - Drop Off,2025-01,14355000,4306500.0,7177500.0,2871000.0,2892,25.4771784232,42.4619640387
HeHa Sky View - Love Lock,2025-01,22355000,11177500.0,6706500.0,4471000.0,4305,50.0,30.0
JGC,2025-01,15440000,3088000.0,0.0,12352000.0,3334,17.8104379124,0.0
Kebun Raya Bedugul Vacation,2025-01,60000,6000.0,0.0,54000.0,4,7.5,0.0
Kembali Ke Alam Puncak,2025-01,28185000,5637000.0,0.0,22548000.0,4897,16.8878905452,0.0
Kopi Daong - Hutan Pinus,2025-01,21265000,5316250.0,0.0,15948750.0,2721,20.1764057332,0.0
Living World Denpasar,2025-01,2015000,403000.0,0.0,1612000.0,471,17.6645435244,0.0
Locca Seahouse Bali,2025-01,1555000,311000.0,0.0,1244000.0,192,17.5,0.0
Mall Bali Icon,2025-01,30865000,0.0,0.0,30865000.0,4294,0.0,0.0
Museum Mandiri Jakarta,2025-01,22357500,4471500.0,0.0,17886000.0,3586,16.7763524819,0.0
New Year Eve Bidakara,2025-01,0,0.0,0.0,0.0,6,30.0,0.0
New Year's Eve Margo City Depok,2025-01,2495000,499000.0,0.0,1996000.0,289,15.0865051903,0.0
Nicole's River Park,2025-01,6920000,1384000.0,0.0,5536000.0,1201,16.303080766,0.0
Nimo Eye,2025-01,15975000,3195000.0,0.0,12780000.0,1935,15.6589147287,0.0
Pantai Kuta Vacation,2025-01,345000,34500.0,0.0,310500.0,5,10.0,0.0
Sarinah Dewata,2025-01,20872500,6261750.0,0.0,14610750.0,2498,23.7309847878,0.0
Sarinah Kolam,2025-01,31640000,9492000.0,0.0,22148000.0,3419,23.0330505996,0.0
Senayan Park,2025-01,27585000,6896250.0,0.0,20688750.0,3503,20.339708821,0.0
Senayan Park 2,2025-01,35422500,8855625.0,0.0,26566875.0,4146,20.2303424988,0.0
Taman Ismail Marzuki,2025-01,16395000,0.0,0.0,16395000.0,2505,0.0,0.0
Tokyo Hub,2025-01,1835000,458750.0,0.0,1376250.0,673,23.0683506686,0.0
Transjakarta - Halte CSW,2025-01,8160000,0.0,0.0,8160000.0,2870,0.0,0.0
Universitas Islam Indonesia,2025-01,0,0.0,0.0,0.0,2832,0.0,0.0
Zonablu x Gofit,2025-01,39725000,7945000.0,0.0,31780000.0,4623,15.2930997188,0.0
Aeon Deltamas - Entrance,2025-02,7975000,1595000.0,0.0,6380000.0,1895,17.6886543536,0.0
Aeon Deltamas - LED,2025-02,3640000,728000.0,0.0,2912000.0,2509,19.2188122758,0.0
Aloha - PIK 2,2025-02,25000000,6250000.0,0.0,18750000.0,3560,21.3623595506,0.0
Ancol LB,2025-02,14110000,6349500.0,0.0,7760500.0,3581,40.1745322536,0.0
Ancol LB 2,2025-02,13395000,6027750.0,0.0,7367250.0,3204,40.0561797753,0.0
Ancol Point,2025-02,7500,3375.0,0.0,4125.0,1,45.0,0.0
Ayodya Resort,2025-02,165000,33000.0,0.0,132000.0,291,19.793814433,0.0
Batavia PIK,2025-02,15050000,3010000.0,0.0,12040000.0,2124,17.0998116761,0.0
Beachwalk Mall Kuta - Gate,2025-02,11247500,3374250.0,562375.0,7310875.0,1740,26.224137931,4.3706896552
Beachwalk Vacation,2025-02,300000,45000.0,0.0,255000.0,8,15.0,0.0
Buy Local Creative Zone by JXB,2025-02,7195000,1439000.0,0.0,5756000.0,1711,17.8024547049,0.0
Cove Pantai Indah Kapuk,2025-02,9125000,1825000.0,0.0,7300000.0,1156,16.4878892734,0.0
DIM 2025 - 1,2025-02,0,0.0,0.0,0.0,1,20.0,0.0
DIM 2025 - 2,2025-02,0,0.0,0.0,0.0,1,20.0,0.0
Discovery Mall Icon,2025-02,9085000,2271250.0,0.0,6813750.0,1355,20.405904059,0.0
Discovery Mall Vacation,2025-02,45000,9000.0,0.0,36000.0,1,20.0,0.0
Flavor Bliss Vacation,2025-02,105000,21000.0,0.0,84000.0,2,20.0,0.0
Florawisata D'Castello,2025-02,7020000,2106000.0,0.0,4914000.0,1544,25.6476683938,0.0
Freelance,2025-02,29,0.0,0.0,29.0,150,0.0,0.0
Freelance Vacation,2025-02,4,0.0,0.0,4.0,1,0.0,0.0
GWK Vacation,2025-02,180000,126000.0,0.0,54000.0,3,70.0,0.0
HeHa Sky View - Drop Off,2025-02,4960000,1488000.0,2480000.0,992000.0,1451,27.1674707099,45.2791178498
HeHa Sky View - Love Lock,2025-02,13755000,6877500.0,4126500.0,2751000.0,2952,50.0,30.0
IIMS 2025 - Wuling,2025-02,0,0.0,0.0,0.0,2746,0.0,0.0
JGC,2025-02,8570000,1714000.0,0.0,6856000.0,2254,18.2253771074,0.0
Jakarta Toys & Comics Fair 2025,2025-02,2075000,622500.0,0.0,1452500.0,217,24.331797235,0.0
Kembali Ke Alam Puncak,2025-02,32975000,6595000.0,0.0,26380000.0,5296,16.6049848943,0.0
Kopi Daong - Hutan Pinus,2025-02,19432500,4858125.0,0.0,14574375.0,2431,20.2488687783,0.0
Living World Denpasar,2025-02,3815000,763000.0,0.0,3052000.0,946,17.843551797,0.0
Mall Bali Icon,2025-02,18777500,0.0,0.0,18777500.0,3095,0.0,0.0
Museum Mandiri Jakarta,2025-02,8715000,1743000.0,0.0,6972000.0,1688,17.2156398104,0.0
Navya Gathering - Vans Indonesia,2025-02,0,0.0,0.0,0.0,334,0.0,0.0
Nicole's River Park,2025-02,4005000,801000.0,0.0,3204000.0,765,16.6797385621,0.0
Nimo Eye,2025-02,5955000,1191000.0,0.0,4764000.0,794,15.919395466000001,0.0
Sarinah Dewata,2025-02,12929500,3878850.0,0.0,9050650.0,1666,24.0576230492,0.0
Sarinah Kolam,2025-02,23035000,6910500.0,0.0,16124500.0,2688,23.5267857143,0.0
Senayan Park,2025-02,12420000,3105000.0,0.0,9315000.0,2051,21.2457337884,0.0
Senayan Park 2,2025-02,21110000,5277500.0,0.0,15832500.0,2776,20.8663544669,0.0
Taman Ismail Marzuki,2025-02,10775000,0.0,0.0,10775000.0,1871,0.0,0.0
Taman Lapangan Banteng,2025-02,3495000,699000.0,0.0,2796000.0,1102,18.3121597096,0.0
Tokyo Hub,2025-02,1570000,392500.0,0.0,1177500.0,621,22.3429951691,0.0
Transjakarta - Halte CSW,2025-02,5585000,0.0,0.0,5585000.0,2103,0.0,0.0
Transjakarta - Halte Tosari,2025-02,10000,0.0,0.0,10000.0,1,0.0,0.0
Villagio Summarecon,2025-02,0,0.0,0.0,0.0,349,0.0,0.0
Wedding Sasha & Alan,2025-02,0,0.0,0.0,0.0,407,0.0,0.0
Zonablu x Gofit,2025-02,22860000,4572000.0,0.0,18288000.0,2822,15.6272147413,0.0
Aeon Deltamas - Entrance,2025-03,11100000,2220000.0,0.0,8880000.0,2595,16.7630057803,0.0
Aeon Deltamas - LED,2025-03,3950000,790000.0,0.0,3160000.0,2542,18.8040912667,0.0
Aloha - PIK 2,2025-03,21132500,5283125.0,0.0,15849375.0,2913,21.180913148,0.0
Ancol LB,2025-03,15570000,7006500.0,0.0,8563500.0,3638,39.6935129192,0.0
Ancol LB 2,2025-03,16027500,7212375.0,0.0,8815125.0,4169,40.3585991845,0.0
Ayodya Resort,2025-03,210000,42000.0,0.0,168000.0,348,19.7701149425,0.0
BMW Ultima,2025-03,0,0.0,0.0,0.0,212,0.0,0.0
Batavia PIK,2025-03,14760000,2952000.0,0.0,11808000.0,2336,17.4400684932,0.0
Beachwalk Mall Kuta - Gate,2025-03,7930000,2379000.0,396500.0,5154500.0,1375,26.5527272727,4.4254545455
Beachwalk Vacation,2025-03,2040000,408000.0,0.0,1632000.0,53,20.0,0.0
Buy Local Creative Zone by JXB,2025-03,5310000,1062000.0,0.0,4248000.0,1326,17.8883861237,0.0
Cove Pantai Indah Kapuk,2025-03,2535000,507000.0,0.0,2028000.0,458,17.4672489083,0.0
Discovery Mall Icon,2025-03,7725000,1931250.0,0.0,5793750.0,1248,20.7932692308,0.0
Discovery Mall Vacation,2025-03,540000,108000.0,0.0,432000.0,10,20.0,0.0
Erspo Alam Sutera,2025-03,0,0.0,0.0,0.0,272,0.0,0.0
Flavor Bliss & Broadway Alam Sutera,2025-03,9420000,1884000.0,0.0,7536000.0,1408,16.6619318182,0.0
Florawisata D'Castello,2025-03,2615000,784500.0,0.0,1830500.0,587,25.7580919932,0.0
Footlocker Vans 21 Market,2025-03,0,0.0,0.0,0.0,338,0.0,0.0
Freelance,2025-03,95008,76004.0,0.0,19004.0,145,47.4482758621,0.0
GWK Vacation,2025-03,80000,56000.0,0.0,24000.0,2,70.0,0.0
HeHa Sky View - Drop Off,2025-03,905000,271500.0,452500.0,181000.0,258,26.8604651163,44.7674418605
HeHa Sky View - Love Lock,2025-03,5380000,2690000.0,1614000.0,1076000.0,1097,50.0,30.0
HeHa Waterfall,2025-03,1970000,591000.0,42500.0,1336500.0,434,26.267281106,9.2165898618
IIMS 2025 - Wuling,2025-03,0,0.0,0.0,0.0,20,0.0,0.0
Ibarbo Park,2025-03,1475006,590002.4,590002.4,295001.2,245,33.306122449,33.306122449
JGC,2025-03,11110000,2222000.0,0.0,8888000.0,2714,17.7597641857,0.0
Kembali Ke Alam Puncak,2025-03,8675000,1735000.0,0.0,6940000.0,1507,16.9475779695,0.0
Kopi Daong - Hutan Pinus,2025-03,2800000,700000.0,0.0,2100000.0,482,21.4730290456,0.0
Living World Denpasar,2025-03,4515000,903000.0,0.0,3612000.0,949,17.5342465753,0.0
Mall Bali Icon,2025-03,18935000,0.0,0.0,18935000.0,3150,0.0,0.0
Museum Mandiri Jakarta,2025-03,2695000,539000.0,0.0,2156000.0,584,17.5,0.0
Navya Gathering - Vans Indonesia,2025-03,0,0.0,0.0,0.0,2,0.0,0.0
Nicole's River Park,2025-03,840000,168000.0,0.0,672000.0,185,17.0810810811,0.0
Nimo Eye,2025-03,0,0.0,0.0,0.0,6,20.0,0.0
Pantjoran Pantai Indah Kapuk,2025-03,10000,0.0,0.0,10000.0,1,0.0,0.0
Pantjoran Pantai Indah Kapuk 2,2025-03,10000,0.0,0.0,10000.0,1,0.0,0.0
Ramadhan Jazz Festival 2025,2025-03,0,0.0,0.0,0.0,1246,0.0,0.0
Sarinah Dewata,2025-03,8340000,2502000.0,0.0,5838000.0,1216,24.9917763158,0.0
Sarinah Kolam,2025-03,14235000,4270500.0,0.0,9964500.0,1806,24.0365448505,0.0
Senayan Park,2025-03,14925000,3731250.0,0.0,11193750.0,2126,20.9430856068,0.0
Senayan Park 2,2025-03,17187500,4296875.0,0.0,12890625.0,2486,21.3294448914,0.0
Taman Ismail Marzuki,2025-03,10820000,0.0,0.0,10820000.0,1835,0.0,0.0
Taman Lapangan Banteng,2025-03,13239980,2647996.0,0.0,10591984.0,3493,17.8986544518,0.0
Taman Literasi Jakarta,2025-03,5320000,0.0,0.0,5320000.0,1866,0.0,0.0
Tokyo Hub,2025-03,1205000,301250.0,0.0,903750.0,655,22.9770992366,0.0
Transjakarta - Halte CSW,2025-03,4130000,0.0,0.0,4130000.0,1597,0.0,0.0
WKND Market,2025-03,455000,0.0,0.0,455000.0,244,0.2459016393,0.0
Wooly,2025-03,365000,73000.0,0.0,292000.0,67,17.0149253731,0.0
Zonablu x Gofit,2025-03,16975000,3959750.0,0.0,13015250.0,2243,18.916629514,0.0
Aeon Deltamas - Entrance,2025-04,8715000,1743000.0,0.0,6972000.0,2994,17.8089512358,0.0
Aeon Deltamas - LED,2025-04,6130000,1226000.0,0.0,4904000.0,3336,18.603117506,0.0
Aloha - PIK 2,2025-04,41625000,10406250.0,0.0,31218750.0,5466,20.9888401025,0.0
Ancol LB,2025-04,21630000,9733500.0,0.0,11896500.0,4729,39.4998942694,0.0
Ancol LB 2,2025-04,15030000,6763500.0,0.0,8266500.0,3376,39.7615521327,0.0
Ancol Point,2025-04,7500,3375.0,0.0,4125.0,1,45.0,0.0
Ayodya Resort,2025-04,480000,96000.0,0.0,384000.0,1033,20.0,0.0
Batavia PIK,2025-04,19562500,3912500.0,0.0,15650000.0,3081,17.4034404414,0.0
Beachwalk Mall Kuta - Gate,2025-04,21955000,6586500.0,1097750.0,14270750.0,2915,25.4305317324,4.2384219554
Beachwalk Vacation,2025-04,5235000,1047000.0,0.0,4188000.0,134,20.0,0.0
Buy Local Creative Zone by JXB,2025-04,11460000,2292000.0,0.0,9168000.0,2673,17.7852600075,0.0
Discovery Mall Icon,2025-04,11335000,2833750.0,0.0,8501250.0,1825,20.8493150685,0.0
Discovery Mall Vacation,2025-04,30000,6000.0,0.0,24000.0,2,20.0,0.0
Event Telkomsel,2025-04,0,0.0,0.0,0.0,360,0.0,0.0
Flavor Bliss & Broadway Alam Sutera,2025-04,11750000,2350000.0,0.0,9400000.0,2087,17.0100622904,0.0
Florawisata D'Castello,2025-04,9710000,2913000.0,0.0,6797000.0,2201,25.7064970468,0.0
Freelance,2025-04,7,5.6,0.0,1.4,133,76.3909774436,0.0
GWK Vacation,2025-04,20000,14000.0,0.0,6000.0,1,70.0,0.0
HeHa Sky View - Love Lock,2025-04,18900000,9450000.0,5670000.0,3780000.0,3372,50.0,30.0
HeHa Waterfall,2025-04,13175000,3952500.0,0.0,9222500.0,2148,25.1536312849,0.0
Ibarbo Park,2025-04,6235000,2494000.0,2494000.0,1247000.0,1494,35.3949129853,35.3949129853
JGC,2025-04,15375000,3075000.0,0.0,12300000.0,3920,17.8775510204,0.0
Kebun Raya Bedugul Vacation,2025-04,45000,4500.0,0.0,40500.0,3,10.0,0.0
Kembali Ke Alam Puncak,2025-04,34125000,6825000.0,0.0,27300000.0,6207,16.9904946029,0.0
Kopi Daong - Hutan Pinus,2025-04,22320000,5580000.0,0.0,16740000.0,2739,19.8977729098,0.0
Living World Denpasar,2025-04,4180000,836000.0,0.0,3344000.0,913,17.699890471,0.0
Mall Bali Icon,2025-04,27330000,0.0,0.0,27330000.0,4526,0.0,0.0
Museum Mandiri Jakarta,2025-04,11215000,2243000.0,0.0,8972000.0,2016,17.0337301587,0.0
Nicole's River Park,2025-04,9275000,1855000.0,0.0,7420000.0,1634,16.3525091799,0.0
Samarinda Festival,2025-04,560000,448000.0,0.0,112000.0,2580,1.6124031008,0.0
Sarinah Dewata,2025-04,15310000,4593000.0,0.0,10717000.0,2212,25.0090415913,0.0
Sarinah Kolam,2025-04,22322500,6696750.0,0.0,15625750.0,2786,24.0129217516,0.0
Senayan Park,2025-04,15480000,3870000.0,0.0,11610000.0,2672,21.6130239521,0.0
Senayan Park 2,2025-04,26282500,6570625.0,0.0,19711875.0,3458,20.7851359167,0.0
Taman Ismail Marzuki,2025-04,17915000,0.0,0.0,17915000.0,2992,0.0,0.0
Taman Lapangan Banteng,2025-04,13790000,2758000.0,0.0,11032000.0,4645,18.2734122713,0.0
Taman Literasi Jakarta,2025-04,14892500,0.0,0.0,14892500.0,3579,0.0,0.0
Tokyo Hub,2025-04,40000,10000.0,0.0,30000.0,93,25.0,0.0
Transjakarta - Halte CSW,2025-04,1860000,0.0,0.0,1860000.0,1432,0.0,0.0
Vans Blok Party,2025-04,0,0.0,0.0,0.0,205,0.0,0.0
WKND Market,2025-04,1235000,0.0,0.0,1235000.0,972,0.0,0.0
Wedding Tias & Damar,2025-04,0,0.0,0.0,0.0,507,0.0,0.0
Wooly,2025-04,8070000,1614000.0,0.0,6456000.0,1794,17.6031215162,0.0
Zonablu x Gofit,2025-04,40810000,10202500.0,0.0,30607500.0,5051,19.5555335577,0.0
ASHTA Disctrict 8,2025-07,25000,5000.0,0.0,20000.0,2,20.0,0.0
Aeon Deltamas - Entrance,2025-07,8465000,1693000.0,0.0,6772000.0,2788,17.7403156385,0.0
Aeon Deltamas - LED,2025-07,1485000,297000.0,0.0,1188000.0,861,18.768873403,0.0
Aloha - PIK 2,2025-07,37935000,9483750.0,0.0,28451250.0,4977,21.0870002009,0.0
Ancol LB 2,2025-07,16440000,7398000.0,0.0,9042000.0,3169,39.0359734932,0.0
Batavia PIK,2025-07,20385000,4077000.0,0.0,16308000.0,3301,17.5825507422,0.0
Beachwalk Mall Kuta - Gate,2025-07,20360000,6108000.0,1018000.0,13234000.0,3237,26.1260426321,4.3543404387
Beachwalk Vacation,2025-07,2355000,471000.0,0.0,1884000.0,71,20.0,0.0
Breastfeeding Fest 2015,2025-07,0,0.0,0.0,0.0,59,0.0,0.0
Buy Local Creative Zone by JXB,2025-07,6790000,1358000.0,0.0,5432000.0,2104,18.3840304183,0.0
Discovery Mall Icon,2025-07,14555000,3638750.0,0.0,10916250.0,2578,21.2179984484,0.0
Discovery Mall Vacation,2025-07,345000,69000.0,0.0,276000.0,28,20.0,0.0
Fipper Kuta Square,2025-07,0,0.0,0.0,0.0,634,0.0,0.0
Flavor Bliss & Broadway Alam Sutera,2025-07,8055000,1611000.0,0.0,6444000.0,1530,17.1241830065,0.0
Florawisata D'Castello,2025-07,4090000,1227000.0,0.0,2863000.0,1190,26.7226890756,0.0
Freelance,2025-07,0,0.0,0.0,0.0,52,80.0,0.0
Freelance Difotoin Vacation Hotel,2025-07,0,0.0,0.0,0.0,1,0.0,0.0
Freelance Vacation,2025-07,0,0.0,0.0,0.0,1,0.0,0.0
GWK Vacation,2025-07,40000,28000.0,0.0,12000.0,7,70.0,0.0
HeHa Sky View - Love Lock,2025-07,8800000,4400000.0,2640000.0,1760000.0,2628,50.0,30.0
HeHa Sky View - Sky Lolli,2025-07,1670000,501000.0,835000.0,334000.0,410,26.1951219512,43.6585365854
HeHa Waterfall,2025-07,9935000,2980500.0,0.0,6954500.0,1912,25.7949790795,0.0
JGC,2025-07,10660000,2132000.0,0.0,8528000.0,2895,18.02417962,0.0
Kembali Ke Alam Puncak,2025-07,36840000,7368000.0,0.0,29472000.0,6352,16.8828715365,0.0
Kopi Daong - Hutan Pinus,2025-07,14400000,3600000.0,0.0,10800000.0,1888,20.3522245763,0.0
MRT One Day Seminar,2025-07,0,0.0,0.0,0.0,323,0.0,0.0
Mall Bali Icon,2025-07,29785000,0.0,0.0,29785000.0,5307,0.0,0.0
Museum Mandiri Jakarta,2025-07,9820000,1964000.0,0.0,7856000.0,1869,17.2177635099,0.0
Myloc Coffe & Cafe,2025-07,4370000,874000.0,0.0,3496000.0,803,17.0361145704,0.0
Nicole's River Park,2025-07,5900000,1180000.0,0.0,4720000.0,1042,16.5067178503,0.0
Padel Adidas,2025-07,0,0.0,0.0,0.0,60,0.0,0.0
Sarinah Dewata,2025-07,10932500,3279750.0,0.0,7652750.0,2526,26.864608076,0.0
Sarinah Kolam,2025-07,19030000,5709000.0,0.0,13321000.0,2392,24.1178929766,0.0
Senayan Park,2025-07,12770000,3192500.0,0.0,9577500.0,2268,21.7482363316,0.0
Senayan Park 2,2025-07,25555000,6388750.0,0.0,19166250.0,3611,21.0814178898,0.0
Stuja Di Pantai,2025-07,23685000,4737000.0,0.0,18948000.0,3322,16.3816977724,0.0
Superman Movie,2025-07,0,0.0,0.0,0.0,423,0.0,0.0
Taman Ismail Marzuki,2025-07,21415000,0.0,0.0,21415000.0,3906,0.0,0.0
Taman Lapangan Banteng,2025-07,14630000,2926000.0,0.0,11704000.0,5437,18.4403163509,0.0
Taman Literasi Jakarta,2025-07,11935000,3580500.0,0.0,8354500.0,3971,27.5824729287,0.0
Teras Samarinda,2025-07,31180000,24944000.0,0.0,6236000.0,6476,71.3897467573,0.0
The Keranjang Bali,2025-07,19225000,3845000.0,0.0,15380000.0,2823,16.3088912504,0.0
Toyota GIIAS 2025 - 1,2025-07,0,0.0,0.0,0.0,1478,0.0,0.0
Toyota GIIAS 2025 - 2,2025-07,0,0.0,0.0,0.0,2400,0.0,0.0
Vacation Hotel Sheraton,2025-07,14050000,1000000.0,0.0,13050000.0,154,16.6233766234,0.0
Widi Coffee,2025-07,10000,8000.0,0.0,2000.0,1,80.0,0.0
Zonablu x Gofit,2025-07,25600000,6400000.0,0.0,19200000.0,3160,19.5490506329,0.0
ARYADUTA Lippo Village,2025-08,0,0.0,0.0,0.0,2,20.0,0.0
Aeon Deltamas - Entrance,2025-08,7895000,1579000.0,0.0,6316000.0,2597,17.7050442819,0.0
Aeon Deltamas - LED,2025-08,65000,13000.0,0.0,52000.0,103,19.6116504854,0.0
Aloha - PIK 2,2025-08,29775000,7443750.0,0.0,22331250.0,3923,21.068060158,0.0
Ancol LB,2025-08,1970000,886500.0,0.0,1083500.0,534,40.6179775281,0.0
Ancol LB 2,2025-08,11945000,5375250.0,0.0,6569750.0,2621,39.9523082793,0.0
BNI wondrX 2025,2025-08,196,0.0,0.0,196.0,466,0.0,0.0
Batavia PIK,2025-08,13250000,2650000.0,0.0,10600000.0,2269,17.6729836933,0.0
Beachwalk Mall Kuta - Gate,2025-08,15180000,4554000.0,759000.0,9867000.0,2740,26.7262773723,4.454379562
Beachwalk Vacation,2025-08,3120000,624000.0,0.0,2496000.0,76,20.0,0.0
Breastfeeding Fest 2015,2025-08,0,0.0,0.0,0.0,142,0.0,0.0
Breastfeeding Fest 2025,2025-08,0,0.0,0.0,0.0,1440,0.0,0.0
Buy Local Creative Zone by JXB,2025-08,4378000,875600.0,0.0,3502400.0,1303,18.0506523408,0.0
Carnavelo Velodrome,2025-08,3935000,787000.0,0.0,3148000.0,860,17.5581395349,0.0
Diophoriafest 2025,2025-08,1905000,0.0,0.0,1905000.0,202,0.0,0.0
Discovery Mall Icon,2025-08,9917000,2479250.0,0.0,7437750.0,2007,21.5869456901,0.0
Discovery Mall Vacation,2025-08,210000,42000.0,0.0,168000.0,14,20.0,0.0
Flavor Bliss & Broadway Alam Sutera,2025-08,7650000,1530000.0,0.0,6120000.0,1326,16.9381598793,0.0
Florawisata D'Castello,2025-08,1950000,585000.0,0.0,1365000.0,669,27.1748878924,0.0
Freelance,2025-08,137,109.6,0.0,27.4,250,75.2,0.0
GWK Vacation,2025-08,100000,70000.0,0.0,30000.0,13,70.0,0.0
HeHa Sky View - Love Lock,2025-08,7280000,3640000.0,2184000.0,1456000.0,1791,50.0,30.0
HeHa Sky View - Sky Lolli,2025-08,3390000,1017000.0,1695000.0,678000.0,1049,26.9399428027,44.8999046711
HeHa Waterfall,2025-08,5405000,1621500.0,0.0,3783500.0,1394,27.0731707317,0.0
Hoolu Buerger,2025-08,225000,135000.0,45000.0,45000.0,36,60.0,20.0
Hoolu Burger,2025-08,7810000,4686000.0,1562000.0,1562000.0,940,46.1489361702,15.3829787234
Indomaret PIK,2025-08,0,0.0,0.0,0.0,624,0.0,0.0
JGC,2025-08,6399000,1279800.0,0.0,5119200.0,2394,18.320802005,0.0
JakartaLoc,2025-08,3050000,2135000.0,305000.0,610000.0,613,60.6362153344,8.6623164763
KALTIM DIGIFEST 2025,2025-08,2435000,1948000.0,0.0,487000.0,238,58.487394958,0.0
Kayumanis Seaside Sanur,2025-08,5755000,3453000.0,1151000.0,1151000.0,1672,60.0,20.0
Kembali Ke Alam Puncak,2025-08,25720000,5144000.0,0.0,20576000.0,5123,17.2945539723,0.0
Kopi Daong - Hutan Pinus,2025-08,12270000,3067500.0,0.0,9202500.0,1614,20.5235439901,0.0
Kuwa Koffie x Mulih Ka Uwa,2025-08,7745000,1549000.0,0.0,6196000.0,2008,17.8486055777,0.0
Lalala Fest 2025,2025-08,0,0.0,0.0,0.0,447,0.0,0.0
MLD Spot,2025-08,0,0.0,0.0,0.0,1222,0.0,0.0
Mall Bali Icon,2025-08,16795000,0.0,0.0,16795000.0,3680,0.0,0.0
Museum Mandiri Jakarta,2025-08,6255000,1251000.0,0.0,5004000.0,1177,17.2132540357,0.0
Myloc Coffe & Cafe,2025-08,550000,110000.0,0.0,440000.0,91,16.9230769231,0.0
Pertamina SMEXPO 2025,2025-08,0,0.0,0.0,0.0,1970,0.0,0.0
Sarinah 17 Agustus,2025-08,0,0.0,0.0,0.0,292,0.0,0.0
Sarinah Dewata,2025-08,13645000,4093500.0,0.0,9551500.0,1914,24.8746081505,0.0
Sarinah Kolam,2025-08,17207500,5162250.0,0.0,12045250.0,2169,24.3706777317,0.0
Semesta Berpesta,2025-08,1445000,289000.0,0.0,1156000.0,212,16.2264150943,0.0
Senayan Park,2025-08,8605000,2151250.0,0.0,6453750.0,1529,21.5827338129,0.0
Senayan Park 2,2025-08,17035000,4258750.0,0.0,12776250.0,2366,21.1010143702,0.0
Stuja Di Pantai,2025-08,23930000,4786000.0,0.0,19144000.0,3094,15.9146735617,0.0
Superman Movie,2025-08,0,0.0,0.0,0.0,302,0.0,0.0
Taman Ismail Marzuki,2025-08,10835000,0.0,0.0,10835000.0,2445,0.0,0.0
Taman Lapangan Banteng,2025-08,24365000,4873000.0,0.0,19492000.0,6672,17.8027577938,0.0
Taman Literasi Jakarta,2025-08,7828000,2348400.0,0.0,5479600.0,2918,27.5531185744,0.0
Teras Samarinda,2025-08,33915000,27132000.0,0.0,6783000.0,5850,67.6923076923,0.013675213700000001
The Alana Hotel & Conference Center Sentul City,2025-08,2220000,444000.0,0.0,1776000.0,589,17.9626485569,0.0
The Keranjang Bali,2025-08,11215000,2243000.0,0.0,8972000.0,1680,16.5357142857,0.0
The Westin Nusa Dua - 1,2025-08,0,0.0,0.0,0.0,1714,0.0,0.0
The Westin Nusa Dua - 2,2025-08,0,0.0,0.0,0.0,1892,0.0,0.0
Tokyo Hub,2025-08,0,0.0,0.0,0.0,2,25.0,0.0
Toyota GIIAS 2025 - 1,2025-08,0,0.0,0.0,0.0,735,0.0,0.0
Toyota GIIAS 2025 - 2,2025-08,0,0.0,0.0,0.0,1166,0.0,0.0
Transjakarta - Halte Tosari,2025-08,10000,0.0,0.0,10000.0,1,0.0,0.0
Vacation Hotel Sheraton,2025-08,4850000,0.0,0.0,4850000.0,97,16.7010309278,0.0
Widi Coffee,2025-08,385000,308000.0,0.0,77000.0,185,75.2432432432,0.0
Zonablu x Gofit,2025-08,10860000,2715000.0,0.0,8145000.0,2843,22.3971157228,0.0
9th IndonesiaNEXT,2025-09,0,0.0,0.0,0.0,393,0.0,0.0
Aeon Deltamas - Entrance,2025-09,3885000,777000.0,0.0,3108000.0,1430,17.986013986,0.0
Aloha - PIK 2,2025-09,31692500,7923125.0,0.0,23769375.0,3905,20.7938540333,0.0
Ancol LB,2025-09,12375000,5568750.0,0.0,6806250.0,2987,39.8928690994,0.0
Ancol LB 2,2025-09,9985000,4493250.0,0.0,5491750.0,2587,40.4773869347,0.0
Batavia PIK,2025-09,10187500,2037500.0,0.0,8150000.0,2063,17.9350460494,0.0
Beachwalk Mall Kuta - Gate,2025-09,15560000,4668000.0,778000.0,10114000.0,2620,26.2786259542,4.3797709924
Beachwalk Vacation,2025-09,2415000,483000.0,0.0,1932000.0,44,20.0,0.0
Buy Local Creative Zone by JXB,2025-09,3245000,649000.0,0.0,2596000.0,1011,18.4174085064,0.0
Carnavelo Velodrome,2025-09,10335000,2067000.0,0.0,8268000.0,2182,17.396883593,0.0
Discovery Mall Icon,2025-09,7905000,1976250.0,0.0,5928750.0,1656,22.2071256039,0.0
Djarum Supersoccer Surabaya,2025-09,0,0.0,0.0,0.0,385,0.0,0.0
Flavor Bliss & Broadway Alam Sutera,2025-09,6770000,1354000.0,0.0,5416000.0,1389,17.336213103,0.0
Florawisata D'Castello,2025-09,2085000,625500.0,0.0,1459500.0,609,26.6502463054,0.0
Freelance,2025-09,0,0.0,0.0,0.0,95,80.0,0.0
HeHa Sky View - Love Lock,2025-09,8300000,4150000.0,2490000.0,1660000.0,1756,48.9749430524,29.3849658314
HeHa Sky View - Sky Lolli,2025-09,935000,280500.0,467500.0,187000.0,338,27.6035502959,46.0059171598
HeHa Waterfall,2025-09,5845000,1753500.0,0.0,4091500.0,1299,26.4665127021,0.0
Hoolu Burger,2025-09,6820000,4092000.0,1364000.0,1364000.0,888,47.8378378378,15.9459459459
IM3 - Pestapora 2025 (1),2025-09,0,0.0,0.0,0.0,1991,0.0,0.0
IM3 - Pestapora 2025 (2),2025-09,0,0.0,0.0,0.0,2112,0.0,0.0
IM3 - Pestapora 2025 (3),2025-09,0,0.0,0.0,0.0,553,0.0,0.0
JGC,2025-09,6205000,1241000.0,0.0,4964000.0,2459,18.6498576657,0.0
Kapal Api Indonesia Open (1),2025-09,10000,2000.0,0.0,8000.0,1,20.0,0.0
Kayumanis Seaside Sanur,2025-09,10805000,6483000.0,2161000.0,2161000.0,2269,53.0982811811,17.6994270604
Kembali Ke Alam Puncak,2025-09,24900000,4980000.0,0.0,19920000.0,4738,17.1886872098,0.0
Kopi Daong - Hutan Pinus,2025-09,13035000,3258750.0,0.0,9776250.0,1825,21.0273972603,0.0
Kuwa Koffie x Mulih Ka Uwa,2025-09,5465000,1093000.0,0.0,4372000.0,1606,18.1320049813,0.0
Lenovo MRT Bund. HI,2025-09,0,0.0,0.0,0.0,3655,0.0,0.0
MLD Spot,2025-09,0,0.0,0.0,0.0,1064,0.0,0.0
Mall Bali Icon,2025-09,12570000,0.0,0.0,12570000.0,2702,0.0,0.0
Museum Mandiri Jakarta,2025-09,3790000,758000.0,0.0,3032000.0,924,17.8138528139,0.0
Myloc Coffe & Cafe,2025-09,10000,2000.0,0.0,8000.0,1,20.0,0.0
Nongki Nongki Festival 2025,2025-09,3660000,1464000.0,1464000.0,732000.0,387,29.2506459948,29.2506459948
Omman Kopi Temanggung - Tugu Jogja,2025-09,18440000,11064000.0,3688000.0,3688000.0,2160,48.6388888889,16.212962963
PKT Cup Bontang,2025-09,380000,304000.0,0.0,76000.0,85,80.0,0.0
Sacra | Stuja Ubud,2025-09,3250000,650000.0,0.0,2600000.0,669,17.3094170404,0.0
Sarinah Dewata,2025-09,10955000,3286500.0,0.0,7668500.0,1569,24.8374760994,0.0
Sarinah Kolam,2025-09,14650000,4395000.0,0.0,10255000.0,1875,23.936,0.0
Senayan Park,2025-09,7490000,1872500.0,0.0,5617500.0,1409,21.8239886444,0.0
Senayan Park 2,2025-09,17545000,4386250.0,0.0,13158750.0,2492,21.1075441413,0.0
Stuja Di Pantai,2025-09,22140000,4428000.0,0.0,17712000.0,2659,15.7201955622,0.0
Taman Ismail Marzuki,2025-09,14135000,0.0,0.0,14135000.0,2608,0.0,0.0
Taman Lapangan Banteng,2025-09,12395000,2479000.0,0.0,9916000.0,4436,18.3543733093,0.0
Taman Literasi Jakarta,2025-09,9815000,2944500.0,0.0,6870500.0,2676,27.0627802691,0.0
Teras Samarinda,2025-09,35745000,28596000.0,0.0,7149000.0,5737,66.7666027541,0.0
The Alana Hotel & Conference Center Sentul City,2025-09,1295000,259000.0,0.0,1036000.0,400,18.3,0.0
The Keranjang Bali,2025-09,13395000,2679000.0,0.0,10716000.0,2074,16.5380906461,0.0
Transjakarta - Halte CSW,2025-09,5000,0.0,0.0,5000.0,1,0.0,0.0
Vacation Hotel Sheraton,2025-09,2700000,0.0,0.0,2700000.0,20,17.0,0.0
Widi Coffee,2025-09,2515000,2012000.0,0.0,503000.0,505,69.0693069307,0.0
Zonablu x Gofit,2025-09,15975000,3993750.0,0.0,11981250.0,2211,20.1266395296,0.0
AIBI Solo,2025-10,0,0.0,0.0,0.0,893,0.0,0.0
AZKO Pondok Indah,2025-10,0,0.0,0.0,0.0,742,0.0,0.0
Aeon Deltamas - Entrance,2025-10,4160000,832000.0,0.0,3328000.0,1947,18.4078068824,0.0
Aloha - PIK 2,2025-10,32277500,8069375.0,0.0,24208125.0,4015,20.8841843088,0.0
Ancol LB,2025-10,12510000,5629500.0,0.0,6880500.0,3175,40.2236220472,0.0
Ancol LB 2,2025-10,13695000,6162750.0,0.0,7532250.0,3346,40.1180514047,0.0
Batavia PIK,2025-10,7595000,1519000.0,0.0,6076000.0,1922,18.3558792924,0.0
Beachwalk Mall Kuta - Gate,2025-10,15255000,4576500.0,762750.0,9915750.0,2428,26.2561779242,4.376029654
Beachwalk Vacation,2025-10,1830000,366000.0,0.0,1464000.0,43,20.0,0.0
Buy Local Creative Zone by JXB,2025-10,4745000,949000.0,0.0,3796000.0,1318,18.0728376328,0.0
Carnavelo Velodrome,2025-10,1200000,240000.0,0.0,960000.0,264,17.5,0.0
Discovery Mall Icon,2025-10,5140000,1285000.0,0.0,3855000.0,1245,23.0120481928,0.0
Entertainment District PIK 2,2025-10,2380000,1904000.0,0.0,476000.0,707,72.4186704385,0.0
Event Youth GBK HALL,2025-10,0,0.0,0.0,0.0,408,0.0,0.0
Flavor Bliss & Broadway Alam Sutera,2025-10,6165000,1233000.0,0.0,4932000.0,1516,17.8364116095,0.0
Freelance,2025-10,111,88.8,0.0,22.2,84,78.0952380952,0.0
HeHa Sky View - Love Lock,2025-10,8710000,4355000.0,2613000.0,1742000.0,2003,43.2101847229,25.9261108337
HeHa Waterfall,2025-10,5965000,1789500.0,0.0,4175500.0,1447,26.6620594333,0.0
Ibarbo Park,2025-10,10000,4000.0,4000.0,2000.0,1,40.0,40.0
Indonesia Game Expo 2025,2025-10,0,0.0,0.0,0.0,1472,0.0,0.0
Indonesia Sustainability Forum 2025,2025-10,0,0.0,0.0,0.0,498,0.0,0.0
JGC,2025-10,5437500,1087500.0,0.0,4350000.0,2261,18.5846970367,0.0
Jose Cuervo Bali,2025-10,0,0.0,0.0,0.0,512,0.0,0.0
Kayumanis Seaside Sanur,2025-10,10375000,6225000.0,2075000.0,2075000.0,2261,52.9411764706,17.6470588235
Kembali Ke Alam Puncak,2025-10,25655000,5131000.0,0.0,20524000.0,4815,17.4496365524,0.0
Kopi Daong - Hutan Pinus,2025-10,10200000,2550000.0,0.0,7650000.0,1354,20.6610044313,0.0
Kopi Ngegasss,2025-10,4785000,3349500.0,0.0,1435500.0,571,54.4308231173,0.0
Kuta Beach Festival 2025,2025-10,1725000,431250.0,0.0,1293750.0,365,22.7397260274,0.0
Kuwa Koffie x Mulih Ka Uwa,2025-10,5505000,1101000.0,0.0,4404000.0,1496,18.0080213904,0.0
Lenovo MRT Bund. HI,2025-10,0,0.0,0.0,0.0,1634,0.0,0.0
Mall Bali Icon,2025-10,8615000,0.0,0.0,8615000.0,2093,0.0,0.0
Museum Mandiri Jakarta,2025-10,6305000,1261000.0,0.0,5044000.0,1223,17.3998364677,0.0
Omman Kopi Temanggung - Tugu Jogja,2025-10,145465000,87279000.0,29093000.0,29093000.0,14242,43.4096334784,14.4698778261
Pantai Sanur Sans Juro,2025-10,0,0.0,0.0,0.0,31,25.0,0.0
Posture Event,2025-10,0,0.0,0.0,0.0,849,0.0,0.0
Reuni 55 Sampoerna Strategic,2025-10,0,0.0,0.0,0.0,676,0.0,0.0
Reuni SMA 4 Angkatan '85,2025-10,0,0.0,0.0,0.0,282,0.0,0.0
Sacra | Stuja Ubud,2025-10,4325000,865000.0,0.0,3460000.0,841,17.0986920333,0.0
Sarinah Dewata,2025-10,12230000,3669000.0,0.0,8561000.0,1759,24.8664013644,0.0
Sarinah Kolam,2025-10,18525000,5557500.0,0.0,12967500.0,2414,24.1963545982,0.0
Senayan Park,2025-10,7195000,1798750.0,0.0,5396250.0,1429,22.0433869839,0.0
Senayan Park 2,2025-10,15035000,3758750.0,0.0,11276250.0,2152,21.2709107807,0.0
Singaraja @ Synchronize Fest 2025,2025-10,0,0.0,0.0,0.0,1212,0.0,0.0
Stuja Di Pantai,2025-10,14970000,2994000.0,0.0,11976000.0,1842,16.2432138979,0.0
Taman Ismail Marzuki,2025-10,12437500,0.0,0.0,12437500.0,2718,0.0,0.0
Taman Lapangan Banteng,2025-10,9840000,1968000.0,0.0,7872000.0,3727,18.5242822646,0.0
Taman Literasi Jakarta,2025-10,10922500,3276750.0,0.0,7645750.0,3148,26.8646759848,0.0
Taman Mini Indonesia Indah,2025-10,1425000,427500.0,0.0,997500.0,244,25.2049180328,0.0
Teras Samarinda,2025-10,28257500,22606000.0,0.0,5651500.0,4991,68.3790823482,0.0
The Alana Hotel & Conference Center Sentul City,2025-10,35000,7000.0,0.0,28000.0,16,18.75,0.0
The Keranjang Bali,2025-10,11065000,2213000.0,0.0,8852000.0,1738,16.5707710012,0.0
Vacation Hotel Sheraton,2025-10,600000,0.0,0.0,600000.0,14,17.1428571429,0.0
Widi Coffee,2025-10,1275000,1020000.0,0.0,255000.0,245,69.2244897959,0.0
Zonablu x Gofit,2025-10,21185000,5296250.0,0.0,15888750.0,2854,19.8668535389,0.0
Aeon Deltamas - Entrance,2025-11,885000,177000.0,0.0,708000.0,464,18.7068965517,0.0
Aloha - PIK 2,2025-11,7890000,1972500.0,0.0,5917500.0,1033,21.2487899322,0.0
Ancol LB,2025-11,4095000,1842750.0,0.0,2252250.0,790,38.4493670886,0.0
Ancol LB 2,2025-11,4680000,2106000.0,0.0,2574000.0,947,39.0601900739,0.0
Batavia PIK,2025-11,3760000,752000.0,0.0,3008000.0,607,17.4299835255,0.0
Batavia PIK - Jembatan Kota Intan,2025-11,35000,28000.0,0.0,7000.0,25,80.0,0.0
Beachwalk Mall Kuta - Gate,2025-11,2575000,772500.0,128750.0,1673750.0,477,26.9182389937,4.4863731656
Beachwalk Vacation,2025-11,105000,21000.0,0.0,84000.0,6,20.0,0.0
Buy Local Creative Zone by JXB,2025-11,2050000,410000.0,0.0,1640000.0,483,17.4327122153,0.0
Discovery Mall Icon,2025-11,1510000,377500.0,0.0,1132500.0,322,21.8167701863,0.0
Entertainment District PIK 2,2025-11,800000,640000.0,0.0,160000.0,260,73.23076923080001,0.0
Flavor Bliss & Broadway Alam Sutera,2025-11,2135000,427000.0,0.0,1708000.0,420,17.380952381,0.0
Freelance,2025-11,0,0.0,0.0,0.0,16,80.0,0.0
HeHa Sky View - Love Lock,2025-11,3560000,1780000.0,1068000.0,712000.0,655,41.7557251908,25.0534351145
HeHa Waterfall,2025-11,1055000,316500.0,0.0,738500.0,294,27.1428571429,0.0
JGC,2025-11,1710000,342000.0,0.0,1368000.0,589,17.9626485569,0.0
Kayumanis Seaside Sanur,2025-11,2457500,1474500.0,491500.0,491500.0,487,51.6221765914,17.2073921971
Kembali Ke Alam Kampung Rimba,2025-11,35000,7000.0,0.0,28000.0,83,19.7590361446,0.0
Kembali Ke Alam Puncak,2025-11,7740000,1548000.0,0.0,6192000.0,1322,16.7927382753,0.0
Kopi Daong - Hutan Pinus,2025-11,2845000,711250.0,0.0,2133750.0,392,20.8545918367,0.0
Kopi Ngegasss,2025-11,2065000,1445500.0,0.0,619500.0,264,56.4772727273,0.0
Kuwa Koffie x Mulih Ka Uwa,2025-11,2900000,580000.0,0.0,2320000.0,493,16.7951318458,0.0
Malaya Kopitiam,2025-11,555000,388500.0,55500.0,111000.0,181,64.1988950276,9.1712707182
Mall Bali Icon,2025-11,815000,0.0,0.0,815000.0,302,0.0,0.0
Museum Mandiri Jakarta,2025-11,1270000,254000.0,0.0,1016000.0,274,17.4452554745,0.0
Omman Kopi Temanggung - Tugu Jogja,2025-11,40165000,24099000.0,8033000.0,8033000.0,3935,43.5933926302,14.5311308767
Pantai Sanur Sans Juro,2025-11,4055000,1013750.0,0.0,3041250.0,704,21.0582386364,0.0
Sacra | Stuja Ubud,2025-11,1490000,298000.0,0.0,1192000.0,252,16.8253968254,0.0
Sarinah Dewata,2025-11,4005000,1201500.0,0.0,2803500.0,555,24.4324324324,0.0
Sarinah Kolam,2025-11,3835000,1150500.0,0.0,2684500.0,569,24.7275922671,0.0
Senayan Park,2025-11,2175000,543750.0,0.0,1631250.0,359,21.3788300836,0.0
Senayan Park 2,2025-11,3070000,767500.0,0.0,2302500.0,500,21.8,0.0
Stuja Di Pantai,2025-11,2775000,555000.0,0.0,2220000.0,366,15.9016393443,0.0
Taman Ismail Marzuki,2025-11,3307500,0.0,0.0,3307500.0,688,0.0,0.0
Taman Lapangan Banteng,2025-11,1335000,267000.0,0.0,1068000.0,866,19.0993071594,0.0
Taman Literasi Jakarta,2025-11,2570000,771000.0,0.0,1799000.0,753,26.6932270916,0.0
Taman Mini Indonesia Indah,2025-11,6780000,2034000.0,0.0,4746000.0,881,23.6662883087,0.0
Teras Samarinda,2025-11,6110000,4888000.0,0.0,1222000.0,1155,68.7792207792,0.0
The Keranjang Bali,2025-11,2720000,544000.0,0.0,2176000.0,396,16.3131313131,0.0
Zonablu x Gofit,2025-11,4900000,1225000.0,0.0,3675000.0,635,19.842519685,0.0
Aeon Deltamas - Entrance,2025-12,12022500,2404500.0,0.0,9618000.0,3030,17.617161716200002,0.0
Aloha - PIK 2,2025-12,51160000,12790000.0,0.0,38370000.0,5328,20.0075075075,0.0
Ancol LB,2025-12,12362500,5563125.0,0.0,6799375.0,2897,40.2623403521,0.0
Ancol LB 2,2025-12,10210000,4594500.0,0.0,5615500.0,2855,40.9176882662,0.0
BFN Festival by Mandiri,2025-12,0,0.0,0.0,0.0,162,0.0,0.0
BNI Venture,2025-12,0,0.0,0.0,0.0,407,0.0,0.0
Bali Nusra Great Sale,2025-12,0,0.0,0.0,0.0,349,0.0,0.0
Batavia BDuck,2025-12,17260000,0.0,0.0,17260000.0,2245,0.0,0.0
Batavia PIK,2025-12,12405000,2481000.0,0.0,9924000.0,2272,17.7464788732,0.0
Batavia PIK - Jembatan Kota Intan,2025-12,20725000,16580000.0,0.0,4145000.0,3197,69.0897716609,0.0
Beachwalk Mall Kuta - Gate,2025-12,7900000,2370000.0,395000.0,5135000.0,1515,27.1881188119,4.5313531353
Beachwalk Vacation,2025-12,3150000,630000.0,0.0,2520000.0,44,20.0,0.0
Buy Local Creative Zone by JXB,2025-12,9780000,1956000.0,0.0,7824000.0,1969,17.3793803961,0.0
Discovery Mall Icon,2025-12,2590000,647500.0,0.0,1942500.0,928,24.0301724138,0.0
Entertainment District PIK 2,2025-12,7080000,5664000.0,0.0,1416000.0,1510,70.8874172185,0.0
Event Suzuki Cikarang,2025-12,0,0.0,0.0,0.0,304,0.0,0.0
Flavor Bliss & Broadway Alam Sutera,2025-12,10617500,2123500.0,0.0,8494000.0,2036,17.3772102161,0.0
Fort Williem I - Benteng Ambarawa,2025-12,15705000,7852500.0,4711500.0,3141000.0,1331,37.4154770849,22.4492862509
Freelance,2025-12,103,82.4,0.0,20.6,211,72.4170616114,0.0
Grand Waterfront - Sedayu City,2025-12,14920000,2238000.0,0.0,12682000.0,2092,12.3900573614,0.0
HeHa Sky View - Love Lock,2025-12,8370000,4185000.0,2511000.0,1674000.0,1723,42.8612884504,25.7167730702
HeHa Waterfall,2025-12,8940000,2682000.0,0.0,6258000.0,1708,26.4168618267,0.0
JGC,2025-12,10000,2000.0,0.0,8000.0,1,20.0,0.0
Jogja Pasaraya Malioboro,2025-12,22005000,13203000.0,4401000.0,4401000.0,2626,47.1134805788,15.7044935263
KKuwa Koffie & Space,2025-12,580000,116000.0,0.0,464000.0,189,18.3068783069,0.0
Kayumanis Seaside Sanur,2025-12,12161900,7297140.0,2432380.0,2432380.0,1969,49.9136617572,16.6378872524
Kembali Ke Alam Kampung Rimba,2025-12,3645000,729000.0,0.0,2916000.0,838,17.7804295943,0.0
Kembali Ke Alam Puncak,2025-12,27345000,5469000.0,0.0,21876000.0,4756,17.102607233,0.0
Kopi Daong - Hutan Pinus,2025-12,12565000,3141250.0,0.0,9423750.0,1620,20.6635802469,0.0
Kopi Ngegasss,2025-12,10000,7000.0,0.0,3000.0,1,70.0,0.0
Malaya Kopitiam,2025-12,12505000,8753500.0,1250500.0,2501000.0,2066,58.9545014521,8.422071636
Mall Bali Icon,2025-12,9412200,0.0,0.0,9412200.0,1613,0.0,0.0
Museum Mandiri Jakarta,2025-12,7710000,1031000.0,0.0,6679000.0,1860,11.8225806452,0.0
NPURE Padel,2025-12,35000,0.0,0.0,35000.0,929,0.0,0.0
Neo Soho Skywalk,2025-12,12500,0.0,0.0,12500.0,1,0.0,0.0
Omman Kopi Temanggung - Tugu Jogja,2025-12,171770000,103062000.0,34354000.0,34354000.0,14818,42.4105817249,14.136860575
Omman Tugu Jogja,2025-12,44605000,26763000.0,8613000.0,9229000.0,3827,44.6041285602,14.4081525999
Pantai Sanur Sans Juro,2025-12,14629850,3657462.5,0.0,10972387.5,1891,20.1745108408,0.0
Sacra | Stuja Ubud,2025-12,6090000,1218000.0,0.0,4872000.0,980,16.7346938776,0.0
Sarinah Dewata,2025-12,14907500,4472250.0,0.0,10435250.0,1983,24.6444780635,0.0
Sarinah Kolam,2025-12,24990000,7497000.0,0.0,17493000.0,2858,23.8068579426,0.0
Senayan Park,2025-12,12120000,3030000.0,0.0,9090000.0,1976,21.3815789474,0.0
Senayan Park 2,2025-12,27695000,6923750.0,0.0,20771250.0,3380,20.5843195266,0.0
Stuja Di Pantai,2025-12,21785850,4357170.0,0.0,17428680.0,2276,15.3514938489,0.0
Sunset Avenue Citra 8,2025-12,17415000,3483000.0,0.0,13932000.0,4807,18.1859787809,0.0
TMII (Museum Indonesia),2025-12,22545003,11272501.5,6763500.9,4509000.6,3391,41.9787673253,25.1430256561
Taman Ismail Marzuki,2025-12,14920000,0.0,0.0,14920000.0,3131,0.0,0.0
Taman Lapangan Banteng,2025-12,8795000,1759000.0,0.0,7036000.0,3640,18.6538461538,0.0
Taman Literasi Jakarta,2025-12,14315000,4294500.0,0.0,10020500.0,3555,26.4388185654,0.0
Taman Mini Indonesia Indah,2025-12,37965000,11389500.0,0.0,26575500.0,4834,24.0235829541,0.0
Teras Samarinda,2025-12,42910000,34328000.0,0.0,8582000.0,6285,66.4439140811,0.0
The Keranjang Bali,2025-12,20003100,4000620.0,0.0,16002480.0,2503,15.9888134239,0.0
Tip Tap Toe Vacation,2025-12,75000,15000.0,0.0,60000.0,6,20.0,0.0
Toko Liman Malioboro,2025-12,20860000,14602000.0,2086000.0,4172000.0,2275,53.5384615385,7.6483516484
Widi Coffee,2025-12,1390000,1112000.0,0.0,278000.0,425,73.4117647059,0.0
Yogyakarta International Airport,2025-12,38430000,13450500.0,0.0,24979500.0,4104,26.8213937622,0.0
Zonablu x Gofit,2025-12,20620000,5155000.0,0.0,15465000.0,2781,20.3523912262,0.0
Aeon Deltamas - Entrance,2026-01,8710000,1742000.0,0.0,6968000.0,2424,18.4570957096,0.0
Aloha - PIK 2,2026-01,51535000,12883750.0,0.0,38651250.0,5115,19.7996089932,0.0
Ancol LB,2026-01,11180000,5031000.0,0.0,6149000.0,2564,40.647425897,0.0
Ancol LB 2,2026-01,11325000,5096250.0,0.0,6228750.0,2772,41.0064935065,0.0
Batavia BDuck,2026-01,9120000,0.0,0.0,9120000.0,1208,0.0,0.0
Batavia PIK,2026-01,13375000,2675000.0,0.0,10700000.0,2392,17.692307692299998,0.0
Batavia PIK - Jembatan Kota Intan,2026-01,18805000,15044000.0,0.0,3761000.0,2950,69.1525423729,0.0
Beachwalk Mall Kuta - Gate,2026-01,20348300,6104490.0,1017415.0,13226395.0,2613,24.8794489093,4.1465748182
Beachwalk Vacation,2026-01,1110000,222000.0,0.0,888000.0,14,20.0,0.0
Buy Local Creative Zone by JXB,2026-01,9525000,1905000.0,0.0,7620000.0,1952,17.8995901639,0.0
Cervical Cancer Awareness 2026,2026-01,0,0.0,0.0,0.0,3,0.0,0.0
Discovery Mall Icon,2026-01,1370700,342675.0,0.0,1028025.0,414,24.0338164251,0.0
Entertainment District PIK 2,2026-01,2877500,2302000.0,0.0,575500.0,470,69.7872340426,0.0
Flavor Bliss & Broadway Alam Sutera,2026-01,10665000,2133000.0,0.0,8532000.0,1824,17.4671052632,0.0
Fort Williem I - Benteng Ambarawa,2026-01,46785000,23392500.0,14035500.0,9357000.0,4782,39.3036386449,23.582183187
Freelance,2026-01,46,36.8,0.0,9.2,48,78.3333333333,0.0
Grand Waterfront - Sedayu City,2026-01,23470000,3520500.0,0.0,19949500.0,3397,12.725934648199999,0.0
HeHa Sky View - Drop Off,2026-01,10000,3000.0,5000.0,2000.0,1,30.0,50.0
HeHa Waterfall,2026-01,7985000,2395500.0,0.0,5589500.0,1378,26.3642960813,0.0
Jogja Pasaraya Malioboro,2026-01,15540000,9324000.0,3108000.0,3108000.0,1694,47.5324675325,15.8441558442
KKuwa Koffie & Space,2026-01,6190000,1238000.0,0.0,4952000.0,1260,17.746031746,0.0
Kayumanis Seaside Sanur,2026-01,9602950,5761770.0,1920590.0,1920590.0,1636,52.5183374083,17.5061124694
Kembali Ke Alam Kampung Rimba,2026-01,4515000,903000.0,0.0,3612000.0,837,17.5627240143,0.0
Kembali Ke Alam Puncak,2026-01,21030000,4206000.0,0.0,16824000.0,3503,17.385098487,0.0
Kopi Daong - Hutan Pinus,2026-01,12920000,3230000.0,0.0,9690000.0,1728,20.9056712963,0.0
Malaya Kopitiam,2026-01,14765000,10335500.0,1476500.0,2953000.0,2037,58.4192439863,8.3456062838
Mall Bali Icon,2026-01,12667500,0.0,0.0,12667500.0,2455,0.0,0.0
Museum Mandiri Jakarta,2026-01,5357500,535750.0,0.0,4821750.0,1897,9.3832366895,0.0
Omman Kopi Temanggung - Tugu Jogja,2026-01,171220000,102732000.0,34244000.0,34244000.0,13267,42.5657646793,14.1885882264
Omman Tugu Jogja,2026-01,86825000,52095000.0,17365000.0,17365000.0,8238,45.8120903132,15.2706967711
Pantai Sanur Sans Juro,2026-01,18970750,4742687.5,0.0,14228062.5,2338,20.4555175364,0.0
Perpustakaan Universitas Indonesia,2026-01,3320000,332000.0,0.0,2988000.0,417,8.273381295,0.0
Sacra | Stuja Ubud,2026-01,3070000,614000.0,0.0,2456000.0,731,18.659370725,0.0
Sarinah Dewata,2026-01,13190000,3957000.0,0.0,9233000.0,1671,24.9910233393,0.0
Sarinah Kolam,2026-01,23800000,7140000.0,0.0,16660000.0,2545,23.8939096267,0.0
Senayan Park,2026-01,12865000,3216250.0,0.0,9648750.0,2063,21.7159476491,0.0
Senayan Park 2,2026-01,28285000,7071250.0,0.0,21213750.0,3365,20.3937592868,0.0
Stuja Di Pantai,2026-01,25238300,5047660.0,0.0,20190640.0,2578,15.6400310318,0.0
Sunset Avenue Citra 8,2026-01,16140000,3228000.0,0.0,12912000.0,3947,18.2214340005,0.0
TMII (Menara Pandang Saujana),2026-01,2565000,1282500.0,769500.0,513000.0,569,45.3427065026,27.2056239016
TMII (Museum Indonesia),2026-01,26902500,13451250.0,8070750.0,5380500.0,3651,41.9748014243,25.1848808546
Taman Ismail Marzuki,2026-01,15450000,0.0,0.0,15450000.0,2899,0.0,0.0
Taman Lapangan Banteng,2026-01,7515000,1503000.0,0.0,6012000.0,3127,18.9318835945,0.0
Taman Literasi Jakarta,2026-01,13005000,3901500.0,0.0,9103500.0,3285,27.3698630137,0.0
Taman Mini Indonesia Indah,2026-01,34655000,10396500.0,0.0,24258500.0,4055,24.4438964242,0.0
Teras Samarinda,2026-01,42585000,34068000.0,0.0,8517000.0,6016,67.9122340426,0.0
The Keranjang Bali,2026-01,19448200,3889640.0,0.0,15558560.0,2317,16.1674579197,0.0
Tip Tap Toe Vacation,2026-01,0,0.0,0.0,0.0,1,20.0,0.0
Toko Liman Malioboro,2026-01,13110000,9177000.0,1311000.0,2622000.0,1319,53.9727065959,7.7103866566
Widi Coffee,2026-01,2200000,1760000.0,0.0,440000.0,444,70.8108108108,0.0
Yogyakarta International Airport,2026-01,34415000,12045250.0,0.0,22369750.0,3387,26.9501033363,0.0
Zonablu x Gofit,2026-01,25455000,6363750.0,0.0,19091250.0,2965,20.2107925801,0.0
Aeon Deltamas - Entrance,2026-02,8500000,1700000.0,0.0,6800000.0,2091,18.1826877092,0.0
Aloha - PIK 2,2026-02,37225000,9306250.0,0.0,27918750.0,3826,20.066649242,0.0
Ancol LB,2026-02,10380000,4671000.0,0.0,5709000.0,2383,40.5623164079,0.0
Ancol LB 2,2026-02,10765000,4844250.0,0.0,5920750.0,2581,41.3560635413,0.0
Batavia PIK,2026-02,11862500,2372500.0,0.0,9490000.0,2054,17.5754625122,0.0
Batavia PIK - Jembatan Kota Intan,2026-02,21685000,17348000.0,0.0,4337000.0,2990,67.8260869565,0.0
Beachwalk Mall Kuta - Gate,2026-02,1176400,352920.0,58820.0,764660.0,777,29.4594594595,4.9099099099
Beachwalk Vacation,2026-02,645000,129000.0,0.0,516000.0,6,20.0,0.0
Buy Local Creative Zone by JXB,2026-02,6505000,1301000.0,0.0,5204000.0,1408,18.0255681818,0.0
Cervical Cancer Awareness 2026,2026-02,0,0.0,0.0,0.0,289,0.0,0.0
Discovery Mall Icon,2026-02,4510600,1127650.0,0.0,3382950.0,776,22.0038659794,0.0
Ekraf Imlek (1),2026-02,4355000,0.0,0.0,4355000.0,1092,0.0,0.0
Ekraf Imlek (2),2026-02,3675000,0.0,0.0,3675000.0,1043,0.0,0.0
Flavor Bliss & Broadway Alam Sutera,2026-02,6165000,1233000.0,0.0,4932000.0,1606,18.2814445828,0.0
Fort Williem I - Benteng Ambarawa,2026-02,33605000,16802500.0,10081500.0,6721000.0,3343,38.8872270416,23.3323362249
Freelance,2026-02,75,60.0,0.0,15.0,130,64.0,0.0
Grand Waterfront - Sedayu City,2026-02,21602500,3240375.0,0.0,18362125.0,2817,12.428115016,0.0
HeHa Waterfall,2026-02,5425000,1627500.0,0.0,3797500.0,953,26.537250787,0.0
IIMS Toyota Kemayoran,2026-02,0,0.0,0.0,0.0,1616,0.0,0.0
Jogja Pasaraya Malioboro,2026-02,9120000,5472000.0,1824000.0,1824000.0,945,47.1111111111,15.7037037037
KKuwa Koffie & Space,2026-02,5045000,1009000.0,0.0,4036000.0,1219,18.1296144381,0.0
Kayumanis Seaside Sanur,2026-02,680000,408000.0,136000.0,136000.0,239,60.0,20.0
Kembali Ke Alam Kampung Rimba,2026-02,2330000,466000.0,0.0,1864000.0,577,18.1629116118,0.0
Kembali Ke Alam Puncak,2026-02,16935000,3387000.0,0.0,13548000.0,2842,17.5862068966,0.0
Kemuning Sky Hills,2026-02,220000,110000.0,66000.0,44000.0,73,46.5753424658,27.9452054795
Kopi Daong - Hutan Pinus,2026-02,7055000,1763750.0,0.0,5291250.0,1020,21.1274509804,0.0
Kopi Tubing Sentul,2026-02,4755000,713250.0,0.0,4041750.0,771,12.8793774319,0.0
Malaya Kopitiam,2026-02,8050000,5635000.0,805000.0,1610000.0,1313,60.2437166794,8.6062452399
Mall Bali Icon,2026-02,12551250,0.0,0.0,12551250.0,2036,0.0,0.0
Museum Mandiri Jakarta,2026-02,4580000,458000.0,0.0,4122000.0,1119,9.1331546023,0.0
Obelix Sea View,2026-02,9910000,5946000.0,1982000.0,1982000.0,1226,49.233278956,16.4110929853
Obelix Village,2026-02,1605000,963000.0,321000.0,321000.0,251,51.3944223108,17.1314741036
Omman Kopi Temanggung - Tugu Jogja,2026-02,140890000,84534000.0,28178000.0,28178000.0,10813,42.6653102747,14.2217700916
Omman Tugu Jogja,2026-02,36200000,21720000.0,7240000.0,7240000.0,3405,45.6563876652,15.2187958884
Pantai Sanur Sans Juro,2026-02,12727900,3181975.0,0.0,9545925.0,1598,20.6508135169,0.0
Perpustakaan Universitas Indonesia,2026-02,30940000,3094000.0,0.0,27846000.0,3200,7.95,0.0
Sacra | Stuja Ubud,2026-02,3550000,710000.0,0.0,2840000.0,682,17.6539589443,0.0
Sarinah Dewata,2026-02,8320000,2496000.0,0.0,5824000.0,1347,25.991091314,0.0
Sarinah Kolam,2026-02,18155000,5446500.0,0.0,12708500.0,2071,24.1042974408,0.0
Senayan Park,2026-02,6970000,1742500.0,0.0,5227500.0,1444,22.4030470914,0.0
Senayan Park 2,2026-02,15515000,3878750.0,0.0,11636250.0,2304,21.2890625,0.0
Stuja Di Pantai,2026-02,13844500,2768900.0,0.0,11075600.0,1456,15.6868131868,0.0
Sunset Avenue Citra 8,2026-02,14100000,2820000.0,0.0,11280000.0,3349,18.1068975814,0.0
TMII (Menara Pandang Saujana),2026-02,4595000,2297500.0,1378500.0,919000.0,877,44.1277080958,26.4766248575
TMII (Museum Indonesia),2026-02,16210000,8105000.0,4863000.0,3242000.0,2482,42.6873489122,25.6124093473
Taman Ismail Marzuki,2026-02,12045000,0.0,0.0,12045000.0,2320,0.0,0.0
Taman Lapangan Banteng,2026-02,8545000,1709000.0,0.0,6836000.0,3158,18.828372387599998,0.0
Taman Literasi Jakarta,2026-02,11045000,3313500.0,0.0,7731500.0,2830,27.3392226148,0.0
Taman Mini Indonesia Indah,2026-02,22770000,6831000.0,0.0,15939000.0,2837,24.6810010575,0.0
Teras Samarinda,2026-02,31330000,25064000.0,0.0,6266000.0,4709,68.0739010406,0.0
The Keranjang Bali,2026-02,11098200,2219640.0,0.0,8878560.0,1373,16.2418062637,0.0
Toko Liman Malioboro,2026-02,7165000,5015500.0,716500.0,1433000.0,857,56.3593932322,8.0513418903
Widi Coffee,2026-02,1145000,916000.0,0.0,229000.0,347,74.2363112392,0.0
Yogyakarta International Airport,2026-02,32940000,11529000.0,0.0,21411000.0,3427,27.5036475051,0.0
Zonablu x Gofit,2026-02,21160000,5290000.0,0.0,15870000.0,2399,19.9979157982,0.0
Aeon Deltamas - Entrance,2026-03,3620000,724000.0,0.0,2896000.0,825,18.0363636364,0.0
Aloha - PIK 2,2026-03,7690000,1922500.0,0.0,5767500.0,961,20.8116545265,0.0
Ancol LB,2026-03,4255000,1914750.0,0.0,2340250.0,958,40.5375782881,0.0
Ancol LB 2,2026-03,3750000,1687500.0,0.0,2062500.0,988,41.2651821862,0.0
Batavia PIK,2026-03,3075000,615000.0,0.0,2460000.0,601,17.8702163062,0.0
Batavia PIK - Jembatan Kota Intan,2026-03,4845000,3876000.0,0.0,969000.0,900,71.2,0.0
Beachwalk Mall Kuta - Gate,2026-03,4204200,1261260.0,210210.0,2732730.0,931,27.0676691729,4.5112781955
Beachwalk Vacation,2026-03,330000,66000.0,0.0,264000.0,2,20.0,0.0
Buy Local Creative Zone by JXB,2026-03,2200000,440000.0,0.0,1760000.0,443,17.8781038375,0.0
Discovery Mall Icon,2026-03,1251550,312887.5,0.0,938662.5,256,22.94921875,0.0
Event Gathering Bali DT,2026-03,0,0.0,0.0,0.0,188,0.0,0.0
Flavor Bliss & Broadway Alam Sutera,2026-03,4285000,857000.0,0.0,3428000.0,753,17.5033200531,0.0
Fort Williem I - Benteng Ambarawa,2026-03,6600000,3300000.0,1980000.0,1320000.0,811,41.1220715166,24.67324291
Freelance,2026-03,5,4.0,0.0,1.0,38,71.5789473684,0.0
Geger Ramadhan,2026-03,0,0.0,0.0,0.0,330,0.0,0.0
Grand Waterfront - Sedayu City,2026-03,6135000,920250.0,0.0,5214750.0,884,12.7092760181,0.0
HeHa Waterfall,2026-03,1080000,324000.0,0.0,756000.0,223,27.0403587444,0.0
KKuwa Koffie & Space,2026-03,1785000,357000.0,0.0,1428000.0,376,18.0319148936,0.0
Kembali Ke Alam Kampung Rimba,2026-03,455000,91000.0,0.0,364000.0,154,18.8311688312,0.0
Kembali Ke Alam Puncak,2026-03,4995000,999000.0,0.0,3996000.0,929,17.5457481163,0.0
Kemuning Sky Hills,2026-03,415000,207500.0,124500.0,83000.0,159,47.1698113208,28.3018867925
Kini Market,2026-03,445000,0.0,0.0,445000.0,87,0.0,0.0
Kopi Tubing Sentul,2026-03,2690000,403500.0,0.0,2286500.0,430,12.9069767442,0.0
Lawu Kala Senja,2026-03,1080000,540000.0,324000.0,216000.0,309,45.9546925566,27.572815534
Malang Skyland,2026-03,0,0.0,0.0,0.0,7,65.0,15.0
Malaya Kopitiam,2026-03,5740000,4018000.0,574000.0,1148000.0,851,59.3889541716,8.4841363102
Mall Bali Icon,2026-03,4047100,0.0,0.0,4047100.0,558,0.0,0.0
Museum Mandiri Jakarta,2026-03,1035000,103500.0,0.0,931500.0,270,9.1851851852,0.0
Obelix Sea View,2026-03,1985000,1191000.0,397000.0,397000.0,328,52.3170731707,17.4390243902
Obelix Village,2026-03,2590000,1554000.0,518000.0,518000.0,429,51.7482517483,17.2494172494
Omman Kopi Temanggung - Tugu Jogja,2026-03,52830000,31698000.0,10566000.0,10566000.0,4027,43.1487459647,14.3829153216
Omman Tugu Jogja,2026-03,41905000,25143000.0,8381000.0,8381000.0,3331,43.8967277094,14.6322425698
Pantai Sanur Sans Juro,2026-03,1923200,480800.0,0.0,1442400.0,387,22.0284237726,0.0
Perpustakaan Universitas Indonesia,2026-03,4015000,401500.0,0.0,3613500.0,597,8.4924623116,0.0
Sacra | Stuja Ubud,2026-03,1310000,262000.0,0.0,1048000.0,221,17.3755656109,0.0
Sarinah Dewata,2026-03,2180000,654000.0,0.0,1526000.0,355,26.2816901408,0.0
Sarinah Kolam,2026-03,8560000,2568000.0,0.0,5992000.0,923,23.8244853738,0.0
Semarang Zoo,2026-03,80000,0.0,0.0,80000.0,27,0.0,0.0
Senayan Park,2026-03,6057500,1514375.0,0.0,4543125.0,739,20.4330175913,0.0
Senayan Park 2,2026-03,6190000,1547500.0,0.0,4642500.0,897,21.0981047938,0.0
Stuja Di Pantai,2026-03,3011000,602200.0,0.0,2408800.0,374,16.6310160428,0.0
Sunset Avenue Citra 8,2026-03,4870000,974000.0,0.0,3896000.0,1126,17.9928952043,0.0
TMII (Menara Pandang Saujana),2026-03,1060000,530000.0,318000.0,212000.0,218,45.1834862385,27.1100917431
TMII (Museum Indonesia),2026-03,1545000,772500.0,463500.0,309000.0,316,44.4620253165,26.6772151899
Taman Ismail Marzuki,2026-03,3965000,0.0,0.0,3965000.0,682,0.0,0.0
Taman Lapangan Banteng,2026-03,2457500,491500.0,0.0,1966000.0,959,18.8529718457,0.0
Taman Literasi Jakarta,2026-03,3310000,993000.0,0.0,2317000.0,903,27.5747508306,0.0
Taman Mini Indonesia Indah,2026-03,3860000,1158000.0,0.0,2702000.0,597,25.6281407035,0.0
Tepian Laut Merak,2026-03,1995000,299250.0,0.0,1695750.0,400,13.35,0.0
Teras Samarinda,2026-03,11815000,9452000.0,0.0,2363000.0,2016,69.5238095238,0.0
The Keranjang Bali,2026-03,1270000,254000.0,0.0,1016000.0,285,17.9649122807,0.0
Toko Liman Malioboro,2026-03,1165000,815500.0,116500.0,233000.0,198,60.4545454545,8.6363636364
Widi Coffee,2026-03,1550000,1240000.0,0.0,310000.0,251,69.1633466135,0.0
Yogyakarta International Airport,2026-03,6885000,2409750.0,0.0,4475250.0,976,31.7008196721,0.0
Zonablu x Gofit,2026-03,3530000,882500.0,0.0,2647500.0,516,21.0271317829,0.0
ANTAR AJA,2026-04,0,0.0,0.0,0.0,861,0.0,0.0
Aeon Deltamas - Entrance,2026-04,4720000,944000.0,0.0,3776000.0,1752,18.7899543379,0.0
Aloha - PIK 2,2026-04,38700000,9675000.0,0.0,29025000.0,4359,20.4175269557,0.0
Ancol LB,2026-04,11435000,5145750.0,0.0,6289250.0,2685,40.6759776536,0.0
Ancol LB 2,2026-04,12057500,5425875.0,0.0,6631625.0,2592,40.2604166667,0.0
Batamu Space,2026-04,200000,30000.0,0.0,170000.0,52,13.5576923077,0.0
Batavia PIK,2026-04,6035000,1207000.0,0.0,4828000.0,1261,17.9540047581,0.0
Batavia PIK - Jembatan Kota Intan,2026-04,16045000,12836000.0,0.0,3209000.0,2625,69.76,0.0
Beachwalk Mall Kuta - Gate,2026-04,17412700,5223810.0,870635.0,11318255.0,2255,24.8115299335,4.1352549889
Beachwalk Vacation,2026-04,645000,129000.0,0.0,516000.0,4,20.0,0.0
Buy Local Creative Zone by JXB,2026-04,8000000,1600000.0,0.0,6400000.0,1661,17.9169175196,0.0
Citra Niaga Samarinda,2026-04,11035000,8828000.0,0.0,2207000.0,1587,67.4984247007,0.0
Discovery Mall Icon,2026-04,8352400,2088100.0,0.0,6264300.0,1375,21.9272727273,0.0
Flavor Bliss & Broadway Alam Sutera,2026-04,2410000,482000.0,0.0,1928000.0,425,17.5529411765,0.0
Fort Williem I - Benteng Ambarawa,2026-04,30405000,15202500.0,9121500.0,6081000.0,3336,39.8681055156,23.9208633094
Freelance,2026-04,19,15.2,0.0,3.8,109,75.5963302752,0.0
Grand Waterfront - Sedayu City,2026-04,17955000,2693250.0,0.0,15261750.0,2392,12.522993311,0.0
HeHa Waterfall,2026-04,3665000,1099500.0,0.0,2565500.0,628,26.0350318471,0.0
KKuwa Koffie & Space,2026-04,5050000,1010000.0,0.0,4040000.0,1224,18.1209150327,0.0
Kembali Ke Alam Kampung Rimba,2026-04,1525000,305000.0,0.0,1220000.0,276,17.4637681159,0.0
Kembali Ke Alam Puncak,2026-04,15840000,3168000.0,0.0,12672000.0,3055,17.6628477905,0.0
Kemuning Sky Hills,2026-04,5875000,2937500.0,1762500.0,1175000.0,959,43.117831074,25.8706986444
Kopi Daong - Hutan Pinus,2026-04,13570000,3392500.0,0.0,10177500.0,1652,20.3692493947,0.0
Kopi Tubing Sentul,2026-04,9810000,1471500.0,0.0,8338500.0,1515,12.8118811881,0.0
Lawu Kala Senja,2026-04,23090000,11545000.0,6927000.0,4618000.0,2576,40.0621118012,24.0372670807
Malang Skyland,2026-04,12715000,8264750.0,1907250.0,2543000.0,1739,53.9735480161,12.4554341576
Malaya Kopitiam,2026-04,3125000,2187500.0,312500.0,625000.0,632,62.0253164557,8.8607594937
Mall Bali Icon,2026-04,13637900,0.0,0.0,13637900.0,2037,0.0,0.0
Museum Mandiri Jakarta,2026-04,5980000,598000.0,0.0,5382000.0,1081,8.8251618871,0.0
Nextdev 2026,2026-04,0,0.0,0.0,0.0,496,0.0,0.0
Obelix Sea View,2026-04,21650000,12990000.0,4330000.0,4330000.0,2524,48.8034865293,16.2678288431
Obelix Village,2026-04,4880000,2928000.0,976000.0,976000.0,785,51.821656051,17.2738853503
Omman Kopi Temanggung - Tugu Jogja,2026-04,132350000,79410000.0,26470000.0,26470000.0,10166,42.5477080464,14.1825693488
Omman Tugu Jogja,2026-04,92795000,55677000.0,18559000.0,18559000.0,7854,43.9419404125,14.6473134708
Pantai Sanur Sans Juro,2026-04,11983400,2995850.0,0.0,8987550.0,1586,20.7912988651,0.0
Perpustakaan Universitas Indonesia,2026-04,33047500,3304750.0,0.0,29742750.0,3452,7.8476245655,0.0
Sacra | Stuja Ubud,2026-04,225000,45000.0,0.0,180000.0,64,18.4375,0.0
Sarinah Dewata,2026-04,8560000,2568000.0,0.0,5992000.0,1106,24.9276672694,0.0
Sarinah Kolam,2026-04,16365000,4909500.0,0.0,11455500.0,1906,24.2864637985,0.0
Semarang Zoo,2026-04,5565000,0.0,0.0,5565000.0,1028,0.0,0.0
Senayan Park,2026-04,8300000,2075000.0,0.0,6225000.0,1471,21.9068660775,0.0
Senayan Park 2,2026-04,12705000,3176250.0,0.0,9528750.0,1822,21.1443468716,0.0
Sender PKU Jogja,2026-04,2465000,1355750.0,616250.0,493000.0,429,48.2051282051,21.9114219114
Stuja Di Pantai,2026-04,15187550,3037510.0,0.0,12150040.0,1555,15.5884244373,0.0
Sunset Avenue Citra 8,2026-04,10710000,2142000.0,0.0,8568000.0,3148,18.5196950445,0.0
Svarna Kartini Metro TV,2026-04,0,0.0,0.0,0.0,672,0.0,0.0
TMII (Istana Anak),2026-04,10560000,5280000.0,3168000.0,2112000.0,1556,42.4485861183,25.469151671
TMII (Menara Pandang Saujana),2026-04,1230000,615000.0,369000.0,246000.0,216,44.212962963,26.5277777778
TMII (Museum Indonesia),2026-04,14845000,7422500.0,4453500.0,2969000.0,2219,42.5191527715,25.5114916629
Taman Bendera Pusaka,2026-04,45790000,27474000.0,9158000.0,9158000.0,8107,58.9416553596,19.6472184532
Taman Ismail Marzuki,2026-04,13500000,0.0,0.0,13500000.0,2425,0.0,0.0
Taman Lapangan Banteng,2026-04,8065000,1613000.0,0.0,6452000.0,2931,18.7785738656,0.0
Taman Literasi Jakarta,2026-04,11600000,3480000.0,0.0,8120000.0,2950,27.3966101695,0.0
Taman Mini Indonesia Indah,2026-04,25990000,7797000.0,0.0,18193000.0,3241,24.6035174329,0.0
Tepian Laut Merak,2026-04,22105000,3315750.0,0.0,18789250.0,2662,12.2670924117,0.0
Teras Samarinda,2026-04,38640000,30912000.0,0.0,7728000.0,5966,68.1595709018,0.0
The Keranjang Bali,2026-04,13926450,2785290.0,0.0,11141160.0,1590,15.9119496855,0.0
Tipsy Lion,2026-04,758350,75835.0,0.0,682515.0,278,9.3884892086,0.0
Toko Liman Malioboro,2026-04,13280000,9296000.0,1328000.0,2656000.0,1414,54.702970297,7.8147100424
Wedding Friska,2026-04,0,0.0,0.0,0.0,771,0.0,0.0
Wedding Nia,2026-04,0,0.0,0.0,0.0,4,0.0,0.0
Wedding Nia & Guntur,2026-04,0,0.0,0.0,0.0,669,0.0,0.0
Widi Coffee,2026-04,1885000,1508000.0,0.0,377000.0,286,68.5314685315,0.0
Yogyakarta International Airport,2026-04,23940000,8379000.0,0.0,15561000.0,2482,27.5543916197,0.0
Yogyakarta International Airport (Arrival),2026-04,2250000,855000.0,0.0,1395000.0,394,33.5634517766,0.0
Zonablu x Gofit,2026-04,36450000,9112500.0,0.0,27337500.0,3558,19.3156267566,0.0
Aeon Deltamas - Entrance,2026-05,7095000,0.0,0.0,7095000.0,1984,0.0,0.0
Aloha - PIK 2,2026-05,46087500,11521875.0,0.0,34565625.0,4921,20.1178622231,0.0
Ancol LB,2026-05,16085000,7238250.0,0.0,8846750.0,2994,39.4839679359,0.0
Ancol LB 2,2026-05,13282500,5977125.0,0.0,7305375.0,2404,39.253327787,0.0
Batamu Space,2026-05,10820000,1623000.0,0.0,9197000.0,1430,12.4195804196,0.0
Batavia PIK,2026-05,9670000,0.0,0.0,9670000.0,2008,0.0,0.0
Batavia PIK - Jembatan Kota Intan,2026-05,23245000,18596000.0,0.0,4649000.0,3208,67.7805486284,0.0
Beachwalk Mall Kuta - Gate,2026-05,22845400,6853620.0,1142270.0,14849510.0,2563,24.2177136169,4.0362856028
Beachwalk Vacation,2026-05,765000,153000.0,0.0,612000.0,6,20.0,0.0
Buy Local Creative Zone by JXB,2026-05,8615000,1723000.0,0.0,6892000.0,1837,17.9422972237,0.0
CPI (Sunset Quay A),2026-05,8520000,5964000.0,852000.0,1704000.0,939,55.910543131,7.9872204473
CPI (Sunset Quay B),2026-05,7705000,0.0,770500.0,6934500.0,894,0.0,10.0
Citra Niaga Samarinda,2026-05,34025000,27220000.0,0.0,6805000.0,4193,65.3660863344,0.0
City Plaza Jatinegara,2026-05,10000,2000.0,0.0,8000.0,1,20.0,0.0
Digimap sunset road Bali,2026-05,0,0.0,0.0,0.0,315,0.0,0.0
Discovery Mall Icon,2026-05,9065400,2266350.0,0.0,6799050.0,1313,21.0776846915,0.0
Flavor Bliss & Broadway Alam Sutera,2026-05,9040000,1808000.0,0.0,7232000.0,1436,17.1448467967,0.0
Fort Williem I - Benteng Ambarawa,2026-05,42405000,21202500.0,12721500.0,8481000.0,4109,38.3304940375,22.9982964225
Freelance,2026-05,17,13.6,0.0,3.4,153,77.908496732,0.0
Grand Waterfront - Sedayu City,2026-05,22345000,3351750.0,0.0,18993250.0,3033,12.512363996,0.0
HeHa Sky View - Love Lock,2026-05,10000,5000.0,3000.0,2000.0,1,50.0,30.0
I Gusti Ngurah Rai Airport,2026-05,1984750,396950.0,0.0,1587800.0,373,17.5871313673,0.0
IDEAS UNJ 2026,2026-05,1120000,112000.0,0.0,1008000.0,191,10.0,0.0
Jakarta International Stadium (JIS),2026-05,7195000,1439000.0,359750.0,5396250.0,2358,18.6683630195,4.6670907549
KKuwa Koffie & Space,2026-05,5920000,1184000.0,0.0,4736000.0,1256,17.8503184713,0.0
Kembali Ke Alam Puncak,2026-05,23580000,4716000.0,0.0,18864000.0,4112,17.7626459144,0.0
Kemuning Sky Hills,2026-05,9235000,4617500.0,2770500.0,1847000.0,1118,40.2057245081,24.1234347048
Kian Social House,2026-05,315000,220500.0,31500.0,63000.0,36,56.3888888889,8.0555555556
Kopi Daong - Hutan Pinus,2026-05,18480000,4620000.0,0.0,13860000.0,2154,20.2762302693,0.0
Kopi Tubing Sentul,2026-05,14105000,2115750.0,0.0,11989250.0,1890,12.5714285714,0.0
Lawu Kala Senja,2026-05,27570000,13785000.0,8271000.0,5514000.0,3245,40.3389830508,24.2033898305
Malang Skyland,2026-05,12140000,7891000.0,1821000.0,2428000.0,1622,53.4586929716,12.336621455
Mall Bali Icon,2026-05,19082000,0.0,0.0,19082000.0,2672,0.0,0.0
Museum Mandiri Jakarta,2026-05,8095000,809500.0,0.0,7285500.0,1189,8.5365853659,0.0
Obelix Sea View,2026-05,29525000,17715000.0,5905000.0,5905000.0,3138,47.552581262,15.8508604207
Obelix Village,2026-05,8200000,4920000.0,1640000.0,1640000.0,1069,49.5042095416,16.5014031805
Omman Kopi Temanggung - Tugu Jogja,2026-05,146090000,87654000.0,29218000.0,29218000.0,11254,42.416918429,14.1389728097
Omman Tugu Jogja,2026-05,105010000,63006000.0,21002000.0,21002000.0,8532,43.3966244726,14.4655414909
Pantai Sanur Sans Juro,2026-05,9579800,2394950.0,0.0,7184850.0,1432,21.543296089400002,0.0
Perpustakaan Universitas Indonesia,2026-05,27775000,2777500.0,0.0,24997500.0,2863,7.8030038421,0.0
Sarinah Dewata,2026-05,11395000,3418500.0,0.0,7976500.0,1429,24.7725682295,0.0
Sarinah Kolam,2026-05,22675000,6802500.0,0.0,15872500.0,2283,23.3902759527,0.0
Semarang Zoo,2026-05,13630000,0.0,0.0,13630000.0,1725,0.0,0.0
Senayan Park,2026-05,11807500,2951875.0,0.0,8855625.0,1935,21.6666666667,0.0
Senayan Park 2,2026-05,16035000,4008750.0,0.0,12026250.0,2272,21.0827464789,0.0
Sender PKU Jogja,2026-05,5815000,3198250.0,1453750.0,1163000.0,708,44.5127118644,20.2330508475
Skywalk Central Park 2,2026-05,0,0.0,0.0,0.0,26,30.0,0.0
Stuja Di Pantai,2026-05,18617150,3723430.0,0.0,14893720.0,1812,15.2869757174,0.0
Sunset Avenue Citra 8,2026-05,14480000,2896000.0,0.0,11584000.0,3903,18.319241609,0.0
Svarna Kartini Metro TV,2026-05,0,0.0,0.0,0.0,3,0.0,0.0
TMII (Istana Anak),2026-05,21335000,10667500.0,6400500.0,4267000.0,2738,41.5997078159,24.9598246896
TMII (Museum Indonesia),2026-05,19395000,9697500.0,5818500.0,3879000.0,2561,41.6438891058,24.9863334635
Taman Bendera Pusaka,2026-05,43320000,25992000.0,8664000.0,8664000.0,7854,52.5592055004,17.5197351668
Taman Bendera Pusaka 2,2026-05,0,0.0,0.0,0.0,6,60.0,20.0
Taman Ismail Marzuki,2026-05,18770000,0.0,0.0,18770000.0,3147,0.0,0.0
Taman Lapangan Banteng,2026-05,13647500,2729500.0,0.0,10918000.0,3861,18.4045584046,0.0
Taman Lego-Lego,2026-05,6105000,3968250.0,915750.0,1221000.0,890,55.0674157303,12.7078651685
Taman Literasi Jakarta,2026-05,10910000,3273000.0,0.0,7637000.0,2925,27.4769230769,0.0
Taman Mini Indonesia Indah,2026-05,28100000,8430000.0,0.0,19670000.0,3544,24.7516930023,0.0
Tepian Laut Merak,2026-05,22730000,3409500.0,0.0,19320500.0,2575,12.040776699,0.0
Teras Samarinda,2026-05,39190000,31352000.0,0.0,7838000.0,6172,68.4251458198,0.0
The Keranjang Bali,2026-05,13488100,2697620.0,0.0,10790480.0,1620,16.2098765432,0.0
Tipsy Lion,2026-05,415000,41500.0,0.0,373500.0,151,9.3377483444,0.0
Toko Liman Malioboro,2026-05,13435000,9404500.0,1343500.0,2687000.0,1687,56.887966805,8.1268524007
Widi Coffee,2026-05,1960000,1568000.0,0.0,392000.0,374,70.1604278075,0.0
Yogyakarta International Airport,2026-05,33922500,11872875.0,0.0,22049625.0,3295,26.8634294385,0.0
Yogyakarta International Airport (Arrival),2026-05,9060000,3442800.0,0.0,5617200.0,1281,31.9781420765,0.0
Zonablu x Gofit,2026-05,43175000,10793750.0,0.0,32381250.0,4270,19.3325526932,0.0
Aeon Deltamas - Entrance,2026-06,360000,0.0,0.0,360000.0,189,0.0,0.0
Aloha - PIK 2,2026-06,5525000,1381250.0,0.0,4143750.0,586,20.1365187713,0.0
Ancol LB,2026-06,1695000,762750.0,0.0,932250.0,317,39.4637223975,0.0
Ancol LB 2,2026-06,1550000,697500.0,0.0,852500.0,277,38.8267148014,0.0
Batamu Space,2026-06,2285000,342750.0,0.0,1942250.0,301,12.3089700997,0.0
Batavia PIK,2026-06,917500,0.0,0.0,917500.0,177,0.0,0.0
Batavia PIK - Jembatan Kota Intan,2026-06,2410000,1928000.0,0.0,482000.0,379,68.8126649077,0.0
Beachwalk Mall Kuta - Gate,2026-06,3212500,963750.0,160625.0,2088125.0,391,24.5524296675,4.0920716113
Buy Local Creative Zone by JXB,2026-06,695000,139000.0,0.0,556000.0,172,18.1395348837,0.0
CPI (Sunset Quay A),2026-06,5410000,3787000.0,541000.0,1082000.0,608,55.4934210526,7.9276315789
CPI (Sunset Quay B),2026-06,4285000,0.0,428500.0,3856500.0,492,0.0,9.0650406504
Citra Niaga Samarinda,2026-06,2250000,1800000.0,0.0,450000.0,423,70.3546099291,0.0
Discovery Mall Icon,2026-06,680000,170000.0,0.0,510000.0,136,21.875,0.0
Flavor Bliss & Broadway Alam Sutera,2026-06,1020000,204000.0,0.0,816000.0,189,17.4603174603,0.0
Fort Williem I - Benteng Ambarawa,2026-06,4070000,2035000.0,1221000.0,814000.0,471,39.4904458599,23.694267515900002
Freelance,2026-06,43,34.4,0.0,8.6,69,67.2463768116,0.0
Grand Waterfront - Sedayu City,2026-06,2105000,315750.0,0.0,1789250.0,327,12.7981651376,0.0
I Gusti Ngurah Rai Airport,2026-06,680000,136000.0,0.0,544000.0,117,17.094017094,0.0
Jakarta Future Fest 2026,2026-06,0,0.0,0.0,0.0,12,0.0,0.0
Jakarta International Stadium (JIS),2026-06,535000,107000.0,26750.0,401250.0,349,19.3123209169,4.8280802292
KKuwa Koffie & Space,2026-06,610000,122000.0,0.0,488000.0,110,17.4545454545,0.0
Kembali Ke Alam Puncak,2026-06,3320000,664000.0,0.0,2656000.0,565,17.1327433628,0.0
Kemuning Sky Hills,2026-06,930000,465000.0,279000.0,186000.0,145,41.0344827586,24.6206896552
Kian Social House,2026-06,40000,28000.0,4000.0,8000.0,8,61.25,8.75
Kopi Daong - Hutan Pinus,2026-06,1565000,391250.0,0.0,1173750.0,229,20.96069869,0.0
Kopi Tubing Sentul,2026-06,1330000,199500.0,0.0,1130500.0,197,12.563451776600001,0.0
Lawu Kala Senja,2026-06,3280000,1640000.0,984000.0,656000.0,350,38.7142857143,23.2285714286
Malang Skyland,2026-06,1440000,936000.0,216000.0,288000.0,222,54.4594594595,12.5675675676
Mall Bali Icon,2026-06,1713400,0.0,0.0,1713400.0,276,0.0,0.0
Museum Mandiri Jakarta,2026-06,1200000,120000.0,0.0,1080000.0,177,8.4745762712,0.0
Obelix Sea View,2026-06,2225000,1335000.0,445000.0,445000.0,285,48.8421052632,16.2807017544
Obelix Village,2026-06,520000,312000.0,104000.0,104000.0,98,52.0408163265,17.3469387755
Omman Kopi Temanggung - Tugu Jogja,2026-06,13100000,7860000.0,2620000.0,2620000.0,1043,42.2243528284,14.0747842761
Omman Tugu Jogja,2026-06,10645000,6387000.0,2129000.0,2129000.0,866,42.817551963,14.272517321
Pantai Sanur Sans Juro,2026-06,1225000,306250.0,0.0,918750.0,181,21.1325966851,0.0
Perpustakaan Universitas Indonesia,2026-06,2310000,231000.0,0.0,2079000.0,276,8.1884057971,0.0
Sarinah Dewata,2026-06,1345000,403500.0,0.0,941500.0,175,24.3428571429,0.0
Sarinah Kolam,2026-06,1130000,339000.0,0.0,791000.0,167,25.1497005988,0.0
Semarang Zoo,2026-06,1040000,0.0,0.0,1040000.0,135,0.0,0.0
Senayan Park,2026-06,1192500,298125.0,0.0,894375.0,212,21.6981132075,0.0
Senayan Park 2,2026-06,1685000,421250.0,0.0,1263750.0,321,22.1183800623,0.0
Sender PKU Jogja,2026-06,120000,66000.0,30000.0,24000.0,25,48.4,22.0
Skywalk Central Park 2,2026-06,4045000,1213500.0,0.0,2831500.0,623,25.6179775281,0.0
Stuja Di Pantai,2026-06,1981000,396200.0,0.0,1584800.0,213,15.6807511737,0.0
Sunset Avenue Citra 8,2026-06,1340000,268000.0,0.0,1072000.0,373,18.3378016086,0.0
TMII (Istana Anak),2026-06,2030000,1015000.0,609000.0,406000.0,287,41.4634146341,24.8780487805
TMII (Museum Indonesia),2026-06,3070000,1535000.0,921000.0,614000.0,383,40.4699738903,24.2819843342
Taman Bendera Pusaka,2026-06,4830000,2898000.0,966000.0,966000.0,913,52.3767798467,17.4589266156
Taman Ismail Marzuki,2026-06,1700000,0.0,0.0,1700000.0,321,0.0,0.0
Taman Lapangan Banteng,2026-06,560000,112000.0,0.0,448000.0,199,18.5929648241,0.0
Taman Lego-Lego,2026-06,2890000,1878500.0,433500.0,578000.0,426,55.0821596244,12.7112676056
Taman Literasi Jakarta,2026-06,1025000,307500.0,0.0,717500.0,314,27.6114649682,0.0
Taman Mini Indonesia Indah,2026-06,4630000,1389000.0,0.0,3241000.0,543,23.8121546961,0.0
Tepian Laut Merak,2026-06,1115000,167250.0,0.0,947750.0,156,12.5,0.0
Teras Samarinda,2026-06,3890000,3112000.0,0.0,778000.0,698,69.2263610315,0.0
The Keranjang Bali,2026-06,640000,128000.0,0.0,512000.0,197,18.375634517800002,0.0
Tipsy Lion,2026-06,80000,8000.0,0.0,72000.0,39,9.4871794872,0.0
Toko Liman Malioboro,2026-06,1000000,700000.0,100000.0,200000.0,122,55.6557377049,7.9508196721
Widi Coffee,2026-06,270000,216000.0,0.0,54000.0,34,65.8823529412,0.0
Yogyakarta International Airport,2026-06,2725000,953750.0,0.0,1771250.0,369,34.2411924119,0.0
Yogyakarta International Airport (Arrival),2026-06,1055000,400900.0,0.0,654100.0,150,31.6666666667,0.0
Zonablu x Gofit,2026-06,2720000,680000.0,0.0,2040000.0,295,19.406779661,0.0
